0,0.0,0.0,0.0,0.0,0.0,0.0,0.0,0.0,0.0,0.0,0.0,0.0,0.0,0.0,0.0,0.0,0.0,0.0,0.0,0.0,0.0,0.0,0.0,0.0,0.0,0.0,0.0,0.0,0.0,0.0,0.0,0.0,0.0,0.0,0.0,0.0,0.0,0.0,0.0,0.0,0.0,0.0,0.0,0.0,0.0,0.0,0.0,0.0,0.0,0.0,0.0,0.0,0.0,0.0,0.0,0.0,0.0,0.0,0.0,0.0,0.0,0.0,0.0,0.35541418194770813,0.5417035818099976,5.202006718718621e-07,0.37526512145996094,0.5906044244766235,-0.023078905418515205,0.3944372832775116,0.6212827563285828,-0.03910381719470024,0.399936705827713,0.6294490694999695,-0.05326363071799278,0.4040711522102356,0.6328872442245483,-0.06952831894159317,0.42875832319259644,0.5417937636375427,-0.0423353873193264,0.4765970706939697,0.5393938422203064,-0.06133075803518295,0.5057164430618286,0.5307632684707642,-0.07477041333913803,0.5286965370178223,0.51747727394104,-0.0842912420630455,0.4177049696445465,0.48049628734588623,-0.04321470856666565,0.4643561840057373,0.4452187418937683,-0.05700839310884476,0.49408483505249023,0.4192913770675659,-0.06854695081710815,0.517730176448822,0.39670637249946594,-0.07768193632364273,0.39472445845603943,0.4428744316101074,-0.044857751578092575,0.42590153217315674,0.38454487919807434,-0.05954720452427864,0.44328442215919495,0.34771236777305603,-0.07166854292154312,0.4594854414463043,0.32057589292526245,-0.08039874583482742,0.3660973906517029,0.42607900500297546,-0.047742608934640884,0.3687053918838501,0.36840909719467163,-0.06448554247617722,0.3679237365722656,0.33161163330078125,-0.07218731194734573,0.3700633645057678,0.30484774708747864,-0.07647093385457993
0,0.0,0.0,0.0,0.0,0.0,0.0,0.0,0.0,0.0,0.0,0.0,0.0,0.0,0.0,0.0,0.0,0.0,0.0,0.0,0.0,0.0,0.0,0.0,0.0,0.0,0.0,0.0,0.0,0.0,0.0,0.0,0.0,0.0,0.0,0.0,0.0,0.0,0.0,0.0,0.0,0.0,0.0,0.0,0.0,0.0,0.0,0.0,0.0,0.0,0.0,0.0,0.0,0.0,0.0,0.0,0.0,0.0,0.0,0.0,0.0,0.0,0.0,0.0,0.3411214351654053,0.5568300485610962,4.6563172872993164e-07,0.36560726165771484,0.6004323363304138,-0.023222217336297035,0.3913012146949768,0.6233609914779663,-0.03814700245857239,0.407134473323822,0.6275628805160522,-0.051724761724472046,0.4200217127799988,0.6298203468322754,-0.06727278977632523,0.425249308347702,0.5462301969528198,-0.03754828870296478,0.4680330455303192,0.5394082069396973,-0.05670071020722389,0.49409326910972595,0.5290589928627014,-0.07155156880617142,0.5156346559524536,0.5146338939666748,-0.08236920833587646,0.414355605840683,0.48532071709632874,-0.03923684358596802,0.45894554257392883,0.4441388249397278,-0.05418983846902847,0.4868936538696289,0.41287103295326233,-0.06676694750785828,0.5107522010803223,0.3858671188354492,-0.07627543061971664,0.3917717933654785,0.44679272174835205,-0.04211736470460892,0.42667803168296814,0.39043936133384705,-0.05808447673916817,0.44425544142723083,0.3537413477897644,-0.06885173171758652,0.46068432927131653,0.3262343406677246,-0.0762852281332016,0.3629675507545471,0.42843687534332275,-0.046462010592222214,0.36997106671333313,0.37305572628974915,-0.0634981095790863,0.37143146991729736,0.3399665355682373,-0.06938011199235916,0.37488555908203125,0.3161526918411255,-0.07212293893098831
0,0.0,0.0,0.0,0.0,0.0,0.0,0.0,0.0,0.0,0.0,0.0,0.0,0.0,0.0,0.0,0.0,0.0,0.0,0.0,0.0,0.0,0.0,0.0,0.0,0.0,0.0,0.0,0.0,0.0,0.0,0.0,0.0,0.0,0.0,0.0,0.0,0.0,0.0,0.0,0.0,0.0,0.0,0.0,0.0,0.0,0.0,0.0,0.0,0.0,0.0,0.0,0.0,0.0,0.0,0.0,0.0,0.0,0.0,0.0,0.0,0.0,0.0,0.0,0.3472723960876465,0.5812000632286072,5.346155376173556e-07,0.36974531412124634,0.615692675113678,-0.021408075466752052,0.3887788951396942,0.6300970911979675,-0.03668786957859993,0.39744484424591064,0.628125786781311,-0.050437022000551224,0.40579119324684143,0.631793200969696,-0.06567078083753586,0.4312194883823395,0.5543960928916931,-0.03855622932314873,0.4820404052734375,0.553130567073822,-0.05821780115365982,0.5124942660331726,0.5455458760261536,-0.0717635378241539,0.5374742150306702,0.5327927470207214,-0.08136127144098282,0.41958341002464294,0.49653056263923645,-0.0409228578209877,0.46689340472221375,0.4592638909816742,-0.05651012435555458,0.4979987144470215,0.4310178756713867,-0.06808650493621826,0.5240672826766968,0.407206267118454,-0.07670697569847107,0.3950805068016052,0.4614531397819519,-0.044502098113298416,0.4289718270301819,0.3992091715335846,-0.061692975461483,0.44983506202697754,0.36216121912002563,-0.07430794090032578,0.4683177173137665,0.335018515586853,-0.08268304169178009,0.3637979328632355,0.4468778371810913,-0.04924606531858444,0.36874955892562866,0.3797908425331116,-0.06956120580434799,0.37073391675949097,0.3367856740951538,-0.07921542972326279,0.37594565749168396,0.30435654520988464,-0.08416528254747391
0,0.0,0.0,0.0,0.0,0.0,0.0,0.0,0.0,0.0,0.0,0.0,0.0,0.0,0.0,0.0,0.0,0.0,0.0,0.0,0.0,0.0,0.0,0.0,0.0,0.0,0.0,0.0,0.0,0.0,0.0,0.0,0.0,0.0,0.0,0.0,0.0,0.0,0.0,0.0,0.0,0.0,0.0,0.0,0.0,0.0,0.0,0.0,0.0,0.0,0.0,0.0,0.0,0.0,0.0,0.0,0.0,0.0,0.0,0.0,0.0,0.0,0.0,0.0,0.34899765253067017,0.5670998096466064,5.663496835950355e-07,0.3683560788631439,0.6127609610557556,-0.02528124861419201,0.38533568382263184,0.6343656182289124,-0.04333863407373428,0.3891370892524719,0.6257359981536865,-0.0587070994079113,0.3965415358543396,0.612025260925293,-0.07626903802156448,0.42199447751045227,0.5625288486480713,-0.049304455518722534,0.46944019198417664,0.5586155652999878,-0.0698636844754219,0.4969388544559479,0.5463724732398987,-0.08417794853448868,0.5195713043212891,0.5284709334373474,-0.09441458433866501,0.41150692105293274,0.5001387000083923,-0.04921857267618179,0.45975038409233093,0.4625721275806427,-0.06557992100715637,0.4916306138038635,0.43352147936820984,-0.07854373008012772,0.5196255445480347,0.4066864550113678,-0.08853285759687424,0.38903310894966125,0.46099352836608887,-0.04955827817320824,0.4208909273147583,0.39971083402633667,-0.06751762330532074,0.4389391243457794,0.3604196608066559,-0.08062763512134552,0.45563825964927673,0.3318561613559723,-0.08950187265872955,0.3613930344581604,0.4420667290687561,-0.05083923414349556,0.36686402559280396,0.38289323449134827,-0.07036656141281128,0.367583304643631,0.3467128872871399,-0.07878920435905457,0.3714842200279236,0.3210151791572571,-0.08323343098163605
0,0.0,0.0,0.0,0.0,0.0,0.0,0.0,0.0,0.0,0.0,0.0,0.0,0.0,0.0,0.0,0.0,0.0,0.0,0.0,0.0,0.0,0.0,0.0,0.0,0.0,0.0,0.0,0.0,0.0,0.0,0.0,0.0,0.0,0.0,0.0,0.0,0.0,0.0,0.0,0.0,0.0,0.0,0.0,0.0,0.0,0.0,0.0,0.0,0.0,0.0,0.0,0.0,0.0,0.0,0.0,0.0,0.0,0.0,0.0,0.0,0.0,0.0,0.0,0.3455612063407898,0.5684504508972168,6.038806645847217e-07,0.36162570118904114,0.6083788871765137,-0.02600960060954094,0.37468183040618896,0.6321209073066711,-0.04544049873948097,0.3735501170158386,0.6342848539352417,-0.06243731826543808,0.37494567036628723,0.6335771083831787,-0.08164840936660767,0.4201095998287201,0.5588722825050354,-0.05061696842312813,0.47143831849098206,0.5608605742454529,-0.07208459824323654,0.5023048520088196,0.5524793863296509,-0.08655991405248642,0.528245210647583,0.5392266511917114,-0.09697549790143967,0.40804535150527954,0.4994461238384247,-0.05117001011967659,0.4535227119922638,0.4626646041870117,-0.06856000423431396,0.4851943552494049,0.4351566433906555,-0.08255374431610107,0.5133752822875977,0.4106069803237915,-0.09333951771259308,0.38410499691963196,0.46427661180496216,-0.05237260460853577,0.41367796063423157,0.40231412649154663,-0.07120818644762039,0.43291905522346497,0.362038791179657,-0.08663605153560638,0.45116785168647766,0.3316746950149536,-0.0971972644329071,0.3555552363395691,0.4507763385772705,-0.05467267706990242,0.3586761951446533,0.38853204250335693,-0.07565746456384659,0.35875120759010315,0.3494891822338104,-0.08647243678569794,0.36228907108306885,0.3194032907485962,-0.09267100691795349
0,0.6436483860015869,0.7466938495635986,3.2846196518221404e-07,0.6049929857254028,0.7803658246994019,-0.010201401077210903,0.5630967020988464,0.7953732013702393,-0.01610901951789856,0.5330802202224731,0.8296601176261902,-0.023389799520373344,0.5141193270683289,0.873634934425354,-0.031895712018013,0.5289640426635742,0.697942316532135,-0.005548023618757725,0.4806596040725708,0.6779693365097046,-0.013429977931082249,0.4501942992210388,0.6662007570266724,-0.020280873402953148,0.42536547780036926,0.6549796462059021,-0.026162853464484215,0.5380189418792725,0.6429731845855713,-0.010845379903912544,0.49306994676589966,0.5936086773872375,-0.01694355718791485,0.4635833203792572,0.5629037618637085,-0.026881301775574684,0.4390644431114197,0.5377965569496155,-0.03457513824105263,0.5581411123275757,0.6035853624343872,-0.017917154356837273,0.5257049798965454,0.5433121919631958,-0.02924748882651329,0.505497932434082,0.5052376389503479,-0.04295780137181282,0.4873308539390564,0.4751684367656708,-0.05256662517786026,0.5850205421447754,0.5797884464263916,-0.0254829041659832,0.5820107460021973,0.5168007016181946,-0.03778303414583206,0.579357922077179,0.473843514919281,-0.04525034502148628,0.5769904851913452,0.43738803267478943,-0.04995100945234299,0.0,0.0,0.0,0.0,0.0,0.0,0.0,0.0,0.0,0.0,0.0,0.0,0.0,0.0,0.0,0.0,0.0,0.0,0.0,0.0,0.0,0.0,0.0,0.0,0.0,0.0,0.0,0.0,0.0,0.0,0.0,0.0,0.0,0.0,0.0,0.0,0.0,0.0,0.0,0.0,0.0,0.0,0.0,0.0,0.0,0.0,0.0,0.0,0.0,0.0,0.0,0.0,0.0,0.0,0.0,0.0,0.0,0.0,0.0,0.0,0.0,0.0,0.0
0,0.0,0.0,0.0,0.0,0.0,0.0,0.0,0.0,0.0,0.0,0.0,0.0,0.0,0.0,0.0,0.0,0.0,0.0,0.0,0.0,0.0,0.0,0.0,0.0,0.0,0.0,0.0,0.0,0.0,0.0,0.0,0.0,0.0,0.0,0.0,0.0,0.0,0.0,0.0,0.0,0.0,0.0,0.0,0.0,0.0,0.0,0.0,0.0,0.0,0.0,0.0,0.0,0.0,0.0,0.0,0.0,0.0,0.0,0.0,0.0,0.0,0.0,0.0,0.6343097686767578,0.7317204475402832,3.388154823369405e-07,0.5964158773422241,0.770225465297699,-0.009391202591359615,0.5585530400276184,0.7959609627723694,-0.017282217741012573,0.5322453379631042,0.8355928063392639,-0.026120169088244438,0.5173844695091248,0.8806440830230713,-0.03678783401846886,0.5256472229957581,0.6999120712280273,-0.013808042742311954,0.4762082099914551,0.6858463287353516,-0.02375119738280773,0.4460664391517639,0.6773435473442078,-0.031182534992694855,0.42224276065826416,0.6684339642524719,-0.036890335381031036,0.5354782342910767,0.6440891623497009,-0.019390180706977844,0.48889875411987305,0.598699152469635,-0.02677423693239689,0.4585358202457428,0.5688674449920654,-0.036406949162483215,0.4348459541797638,0.5436364412307739,-0.04397369921207428,0.5557765364646912,0.6035661101341248,-0.026055792346596718,0.5219943523406982,0.546072244644165,-0.038106027990579605,0.49975821375846863,0.5082513093948364,-0.05221287161111832,0.48170357942581177,0.4782894253730774,-0.06216920167207718,0.5823172926902771,0.5784144997596741,-0.032807737588882446,0.5783288478851318,0.5176051259040833,-0.04535866528749466,0.5744031667709351,0.47543925046920776,-0.052846409380435944,0.5716760754585266,0.4396921396255493,-0.05762520432472229
0,0.6350213289260864,0.7244452238082886,3.182312582339364e-07,0.6005639433860779,0.7657256126403809,-0.011007691733539104,0.5610246658325195,0.7936936616897583,-0.019017847254872322,0.5344827771186829,0.8363642692565918,-0.027917297556996346,0.5200358033180237,0.8838754296302795,-0.03829655796289444,0.5247687697410583,0.6991080045700073,-0.012897994369268417,0.4739815890789032,0.6878761053085327,-0.023415667936205864,0.4430514872074127,0.682960569858551,-0.031605739146471024,0.4184790849685669,0.6791773438453674,-0.03765937685966492,0.5320125222206116,0.6415018439292908,-0.017829004675149918,0.48367008566856384,0.5971439480781555,-0.02560446411371231,0.4529511332511902,0.5701745748519897,-0.03533819317817688,0.4285936951637268,0.5492566227912903,-0.04256972298026085,0.5501425862312317,0.5980682373046875,-0.024129994213581085,0.5150691866874695,0.5432568788528442,-0.035497382283210754,0.4936331510543823,0.5083991885185242,-0.04764202982187271,0.4761694371700287,0.48183882236480713,-0.05603083595633507,0.5752035975456238,0.5700775980949402,-0.030953900888562202,0.5692427158355713,0.5121293663978577,-0.04249097779393196,0.5650715827941895,0.47223368287086487,-0.04803946241736412,0.5631435513496399,0.4390936493873596,-0.05112239345908165,0.0,0.0,0.0,0.0,0.0,0.0,0.0,0.0,0.0,0.0,0.0,0.0,0.0,0.0,0.0,0.0,0.0,0.0,0.0,0.0,0.0,0.0,0.0,0.0,0.0,0.0,0.0,0.0,0.0,0.0,0.0,0.0,0.0,0.0,0.0,0.0,0.0,0.0,0.0,0.0,0.0,0.0,0.0,0.0,0.0,0.0,0.0,0.0,0.0,0.0,0.0,0.0,0.0,0.0,0.0,0.0,0.0,0.0,0.0,0.0,0.0,0.0,0.0
0,0.6222075819969177,0.7300629019737244,3.263874361891794e-07,0.5910160541534424,0.7749277353286743,-0.014223847538232803,0.5578543543815613,0.808997631072998,-0.024604372680187225,0.5350345969200134,0.8512368202209473,-0.034994080662727356,0.5225609540939331,0.8958966732025146,-0.0471993163228035,0.5166311264038086,0.7125757932662964,-0.01802052929997444,0.4691508710384369,0.7083883285522461,-0.0293508879840374,0.43950819969177246,0.7046384811401367,-0.0383131168782711,0.41630202531814575,0.7002975344657898,-0.04503922536969185,0.5236488580703735,0.6560391187667847,-0.0219824630767107,0.4757593274116516,0.619430661201477,-0.030047707259655,0.44503846764564514,0.5940356850624084,-0.03992706537246704,0.42153140902519226,0.5706974864006042,-0.04776838794350624,0.542152464389801,0.6144323945045471,-0.027517160400748253,0.5084323287010193,0.5626664161682129,-0.040523357689380646,0.48596709966659546,0.5287691354751587,-0.05431921407580376,0.46819010376930237,0.5010188817977905,-0.06414131075143814,0.5684278011322021,0.586046576499939,-0.03367718681693077,0.5632908940315247,0.52684086561203,-0.04764522984623909,0.5589664578437805,0.4849432110786438,-0.05523271858692169,0.5558403730392456,0.448788046836853,-0.060012683272361755,0.0,0.0,0.0,0.0,0.0,0.0,0.0,0.0,0.0,0.0,0.0,0.0,0.0,0.0,0.0,0.0,0.0,0.0,0.0,0.0,0.0,0.0,0.0,0.0,0.0,0.0,0.0,0.0,0.0,0.0,0.0,0.0,0.0,0.0,0.0,0.0,0.0,0.0,0.0,0.0,0.0,0.0,0.0,0.0,0.0,0.0,0.0,0.0,0.0,0.0,0.0,0.0,0.0,0.0,0.0,0.0,0.0,0.0,0.0,0.0,0.0,0.0,0.0
0,0.620736300945282,0.7354868054389954,3.111901776264858e-07,0.590337336063385,0.7799747586250305,-0.015085074119269848,0.5577893257141113,0.8147662878036499,-0.02508220635354519,0.5350808501243591,0.8596526384353638,-0.035163216292858124,0.5215905904769897,0.9035631418228149,-0.04661933705210686,0.5144250988960266,0.7214937806129456,-0.015774710103869438,0.467365562915802,0.7165334820747375,-0.026504550129175186,0.4379478096961975,0.7123098969459534,-0.03541362285614014,0.4144952893257141,0.7083225250244141,-0.04248184338212013,0.5201456546783447,0.6635809540748596,-0.019530626013875008,0.4734733998775482,0.6283084154129028,-0.027641400694847107,0.4434780776500702,0.6035382747650146,-0.03776169195771217,0.41991475224494934,0.5817366242408752,-0.04575248062610626,0.5379618406295776,0.6203886866569519,-0.02518118917942047,0.5037803649902344,0.5692539215087891,-0.038563624024391174,0.4820467531681061,0.5354573130607605,-0.052025143057107925,0.463783860206604,0.5072416067123413,-0.061503149569034576,0.563999354839325,0.5917288661003113,-0.03167694807052612,0.5593720078468323,0.535003662109375,-0.04651517793536186,0.5543562173843384,0.4954369068145752,-0.0544222816824913,0.5503746271133423,0.45969104766845703,-0.05923926830291748,0.0,0.0,0.0,0.0,0.0,0.0,0.0,0.0,0.0,0.0,0.0,0.0,0.0,0.0,0.0,0.0,0.0,0.0,0.0,0.0,0.0,0.0,0.0,0.0,0.0,0.0,0.0,0.0,0.0,0.0,0.0,0.0,0.0,0.0,0.0,0.0,0.0,0.0,0.0,0.0,0.0,0.0,0.0,0.0,0.0,0.0,0.0,0.0,0.0,0.0,0.0,0.0,0.0,0.0,0.0,0.0,0.0,0.0,0.0,0.0,0.0,0.0,0.0
0,0.0,0.0,0.0,0.0,0.0,0.0,0.0,0.0,0.0,0.0,0.0,0.0,0.0,0.0,0.0,0.0,0.0,0.0,0.0,0.0,0.0,0.0,0.0,0.0,0.0,0.0,0.0,0.0,0.0,0.0,0.0,0.0,0.0,0.0,0.0,0.0,0.0,0.0,0.0,0.0,0.0,0.0,0.0,0.0,0.0,0.0,0.0,0.0,0.0,0.0,0.0,0.0,0.0,0.0,0.0,0.0,0.0,0.0,0.0,0.0,0.0,0.0,0.0,0.26766663789749146,0.6302868127822876,4.472311445624655e-07,0.2978611886501312,0.6759727597236633,-0.02057461068034172,0.3345174789428711,0.7141947150230408,-0.03515917435288429,0.3661342263221741,0.7601763010025024,-0.04929158091545105,0.3876093924045563,0.8071697950363159,-0.06411178410053253,0.37865084409713745,0.6043478846549988,-0.02462645061314106,0.4258691370487213,0.609240710735321,-0.04101289436221123,0.45599591732025146,0.6046617031097412,-0.05354427918791771,0.48011064529418945,0.6004075407981873,-0.06263568997383118,0.36970824003219604,0.5535777807235718,-0.026854610070586205,0.4158024489879608,0.51250821352005,-0.04027530178427696,0.4455360174179077,0.4839915633201599,-0.050369743257761,0.47044822573661804,0.4595201015472412,-0.058043066412210464,0.3493155241012573,0.5176793336868286,-0.031364064663648605,0.384447306394577,0.46195778250694275,-0.04645676538348198,0.40713945031166077,0.42558398842811584,-0.057452984154224396,0.42684048414230347,0.3962559700012207,-0.0650315061211586,0.321065217256546,0.4971736669540405,-0.0376354344189167,0.32586175203323364,0.43230003118515015,-0.05346722528338432,0.32980111241340637,0.38868916034698486,-0.06079347804188728,0.335012286901474,0.3504856824874878,-0.06490565836429596
0,0.0,0.0,0.0,0.0,0.0,0.0,0.0,0.0,0.0,0.0,0.0,0.0,0.0,0.0,0.0,0.0,0.0,0.0,0.0,0.0,0.0,0.0,0.0,0.0,0.0,0.0,0.0,0.0,0.0,0.0,0.0,0.0,0.0,0.0,0.0,0.0,0.0,0.0,0.0,0.0,0.0,0.0,0.0,0.0,0.0,0.0,0.0,0.0,0.0,0.0,0.0,0.0,0.0,0.0,0.0,0.0,0.0,0.0,0.0,0.0,0.0,0.0,0.0,0.262786328792572,0.6433075070381165,4.4131772369837563e-07,0.2964900732040405,0.6857601404190063,-0.018318558111786842,0.3354976177215576,0.7173267006874084,-0.030772067606449127,0.36870402097702026,0.7603864669799805,-0.043118298053741455,0.3898707628250122,0.8082606792449951,-0.05611105635762215,0.37919968366622925,0.6051887273788452,-0.01931864582002163,0.4261466860771179,0.6090348958969116,-0.03336529806256294,0.45661991834640503,0.6033159494400024,-0.04449822008609772,0.4809281527996063,0.5985913872718811,-0.05281859636306763,0.3691052496433258,0.554630696773529,-0.021967103704810143,0.41503292322158813,0.5123097896575928,-0.03310917690396309,0.44440603256225586,0.48386985063552856,-0.04199030250310898,0.46894437074661255,0.45963725447654724,-0.048729389905929565,0.348276287317276,0.5194914937019348,-0.02689206227660179,0.3834364116191864,0.4606892168521881,-0.040429841727018356,0.4062610864639282,0.422211229801178,-0.05103042721748352,0.4256967306137085,0.39138907194137573,-0.058360710740089417,0.32000893354415894,0.5002820491790771,-0.033487848937511444,0.32504335045814514,0.43365180492401123,-0.04861496761441231,0.3295454978942871,0.38957977294921875,-0.055861279368400574,0.3351788818836212,0.3511117696762085,-0.059771910309791565
0,0.0,0.0,0.0,0.0,0.0,0.0,0.0,0.0,0.0,0.0,0.0,0.0,0.0,0.0,0.0,0.0,0.0,0.0,0.0,0.0,0.0,0.0,0.0,0.0,0.0,0.0,0.0,0.0,0.0,0.0,0.0,0.0,0.0,0.0,0.0,0.0,0.0,0.0,0.0,0.0,0.0,0.0,0.0,0.0,0.0,0.0,0.0,0.0,0.0,0.0,0.0,0.0,0.0,0.0,0.0,0.0,0.0,0.0,0.0,0.0,0.0,0.0,0.0,0.2626485228538513,0.638852596282959,4.6157421706993773e-07,0.294065922498703,0.6809245347976685,-0.020454278215765953,0.3313359320163727,0.7136454582214355,-0.034172799438238144,0.36411839723587036,0.7559082508087158,-0.04763314872980118,0.38490015268325806,0.8036412596702576,-0.06168840453028679,0.37582123279571533,0.6010343432426453,-0.021338380873203278,0.4233156442642212,0.6042802929878235,-0.036212895065546036,0.453980028629303,0.5994179844856262,-0.04810190945863724,0.4786987900733948,0.5948150157928467,-0.056900788098573685,0.3672526180744171,0.5505022406578064,-0.023303257301449776,0.41359415650367737,0.5127021074295044,-0.0348169170320034,0.4425392746925354,0.4857597351074219,-0.043845176696777344,0.46717631816864014,0.462744802236557,-0.05079794302582741,0.3475040793418884,0.515566885471344,-0.027781836688518524,0.382869154214859,0.45944738388061523,-0.041198499500751495,0.40544283390045166,0.4237212538719177,-0.051630448549985886,0.42491960525512695,0.39587312936782837,-0.05899859219789505,0.31913915276527405,0.4959682822227478,-0.034233931452035904,0.3238641023635864,0.4301380217075348,-0.0488874651491642,0.32771292328834534,0.3859823942184448,-0.05587822571396828,0.33238160610198975,0.34817755222320557,-0.059834081679582596
0,0.0,0.0,0.0,0.0,0.0,0.0,0.0,0.0,0.0,0.0,0.0,0.0,0.0,0.0,0.0,0.0,0.0,0.0,0.0,0.0,0.0,0.0,0.0,0.0,0.0,0.0,0.0,0.0,0.0,0.0,0.0,0.0,0.0,0.0,0.0,0.0,0.0,0.0,0.0,0.0,0.0,0.0,0.0,0.0,0.0,0.0,0.0,0.0,0.0,0.0,0.0,0.0,0.0,0.0,0.0,0.0,0.0,0.0,0.0,0.0,0.0,0.0,0.0,0.2598362863063812,0.6289071440696716,4.5699073325522477e-07,0.2905914783477783,0.6704273223876953,-0.01996539533138275,0.3272455334663391,0.7074919939041138,-0.03437420725822449,0.35878947377204895,0.7533925175666809,-0.0484212264418602,0.3806789815425873,0.7992785573005676,-0.0630333349108696,0.3723814785480499,0.6050828099250793,-0.023499418050050735,0.4211390018463135,0.6091243624687195,-0.039501022547483444,0.4510807394981384,0.6041947603225708,-0.05171872302889824,0.4749252498149872,0.5996888875961304,-0.06053898483514786,0.36481544375419617,0.5536065101623535,-0.02531067654490471,0.4132901132106781,0.5164950489997864,-0.03779516741633415,0.4422428011894226,0.49092215299606323,-0.047296252101659775,0.46596628427505493,0.47019872069358826,-0.05453692004084587,0.3452935814857483,0.5159459710121155,-0.029349062591791153,0.38199204206466675,0.4626511037349701,-0.04305972531437874,0.40445268154144287,0.4286693036556244,-0.053360715508461,0.42342960834503174,0.40268218517303467,-0.06061387062072754,0.31772181391716003,0.4922618269920349,-0.035094063729047775,0.3248823881149292,0.4323030710220337,-0.049482665956020355,0.3288528323173523,0.3911254405975342,-0.0560002326965332,0.3334437310695648,0.355366587638855,-0.05959499254822731
0,0.6322509050369263,0.5863642692565918,3.362040388310561e-07,0.5905833840370178,0.6233818531036377,-0.01385426428169012,0.5419100522994995,0.6412473320960999,-0.020981207489967346,0.5088248252868652,0.6654360890388489,-0.027027064934372902,0.48741358518600464,0.6914972066879272,-0.03363468497991562,0.5173629522323608,0.5324174761772156,-0.013421641662716866,0.4771486818790436,0.49602755904197693,-0.019259026274085045,0.449177622795105,0.4757276177406311,-0.023703135550022125,0.4292217791080475,0.4628101587295532,-0.027413323521614075,0.5335032343864441,0.47939884662628174,-0.014502869918942451,0.500515341758728,0.4156155586242676,-0.016875436529517174,0.4772758185863495,0.38058769702911377,-0.022072937339544296,0.4587762951850891,0.35480624437332153,-0.026481393724679947,0.557911217212677,0.4433639645576477,-0.017017345875501633,0.5352640748023987,0.3807741701602936,-0.024249104782938957,0.5198934078216553,0.33953723311424255,-0.03161172568798065,0.5085270404815674,0.3063773512840271,-0.037104275077581406,0.5868533253669739,0.4241306185722351,-0.02004549838602543,0.5805977582931519,0.37639161944389343,-0.02855546772480011,0.578142523765564,0.34447282552719116,-0.030433503910899162,0.5762622952461243,0.3188011348247528,-0.031043026596307755,0.15834853053092957,0.6748760938644409,4.759943408316758e-07,0.18150389194488525,0.7106627821922302,-0.02491956204175949,0.20890861749649048,0.7386643886566162,-0.04281078279018402,0.22923222184181213,0.775754988193512,-0.05952605977654457,0.24282199144363403,0.8211543560028076,-0.07654458284378052,0.25153690576553345,0.6331929564476013,-0.03146267682313919,0.2949812710285187,0.6228818893432617,-0.05033228173851967,0.3230145573616028,0.6151097416877747,-0.06486162543296814,0.3454045355319977,0.609545886516571,-0.07500609010457993,0.24182848632335663,0.5820150971412659,-0.03202943131327629,0.2825625240802765,0.5347967743873596,-0.046397238969802856,0.3083840012550354,0.5038793683052063,-0.056896187365055084,0.3287270665168762,0.47879558801651,-0.06443099677562714,0.22180511057376862,0.5505648255348206,-0.035046592354774475,0.2518811821937561,0.48902323842048645,-0.0493791401386261,0.2708207964897156,0.45214977860450745,-0.05987207591533661,0.2870979905128479,0.4248206317424774,-0.06672993302345276,0.19450771808624268,0.5378435254096985,-0.0403253436088562,0.19649098813533783,0.47543007135391235,-0.05457814782857895,0.19727620482444763,0.4349478483200073,-0.06087546423077583,0.19982299208641052,0.400627076625824,-0.064139723777771
0,0.6369099617004395,0.5843967199325562,2.7065252083957603e-07,0.5906233191490173,0.6148644089698792,-0.00665009580552578,0.5426570773124695,0.6311664581298828,-0.012828420847654343,0.5101017355918884,0.6549676656723022,-0.01951153203845024,0.4895934462547302,0.6834005117416382,-0.02690541371703148,0.5203239917755127,0.5274779796600342,-0.012086774222552776,0.47380590438842773,0.4930737614631653,-0.02056983672082424,0.44711101055145264,0.474495530128479,-0.026876244693994522,0.42652270197868347,0.4609007239341736,-0.03124339133501053,0.5353067517280579,0.4689720869064331,-0.01673085428774357,0.4965846538543701,0.4115172028541565,-0.019902072846889496,0.4737031161785126,0.3768094778060913,-0.025955310091376305,0.45775681734085083,0.3491823673248291,-0.030978158116340637,0.5590376853942871,0.42487314343452454,-0.02203363925218582,0.5322427749633789,0.36923086643218994,-0.027057301253080368,0.517646074295044,0.336948961019516,-0.03411007672548294,0.5071874856948853,0.31186920404434204,-0.039857905358076096,0.5885498523712158,0.3953251242637634,-0.027715757489204407,0.5845714807510376,0.34572362899780273,-0.033473774790763855,0.5838022232055664,0.3155147135257721,-0.035198286175727844,0.5845193266868591,0.2919027805328369,-0.03565730154514313,0.15393848717212677,0.6805858016014099,4.5825569827684376e-07,0.17898114025592804,0.7150999903678894,-0.024694468826055527,0.2081439197063446,0.741654098033905,-0.04217490181326866,0.22984376549720764,0.7788732051849365,-0.05858822166919708,0.24389490485191345,0.8251487612724304,-0.07521554827690125,0.25159022212028503,0.6334564685821533,-0.030202073976397514,0.29534441232681274,0.6230311989784241,-0.04902651160955429,0.32334423065185547,0.6155456304550171,-0.06341978162527084,0.3456334173679352,0.6104075908660889,-0.07344819605350494,0.24149133265018463,0.5828611850738525,-0.030998380854725838,0.2827358543872833,0.5346763134002686,-0.04568200185894966,0.30882641673088074,0.5046341419219971,-0.05633184313774109,0.32936376333236694,0.4803262948989868,-0.0636773481965065,0.22120769321918488,0.5525485277175903,-0.034316111356019974,0.2512419521808624,0.48916980624198914,-0.0492122545838356,0.27040788531303406,0.4515019655227661,-0.060124583542346954,0.28672701120376587,0.4229666590690613,-0.06700673699378967,0.1936337947845459,0.5418171286582947,-0.03989901766180992,0.1964062750339508,0.4788920283317566,-0.054898522794246674,0.19761785864830017,0.4372219741344452,-0.061658233404159546,0.20020459592342377,0.40099000930786133,-0.06500587612390518
0,0.6506961584091187,0.6190333962440491,1.3182371105813218e-07,0.5961179137229919,0.635859489440918,0.005119640845805407,0.5487152934074402,0.6269062757492065,0.006887985393404961,0.5176566243171692,0.60320645570755,0.006903019733726978,0.5014082193374634,0.586135983467102,0.006783190183341503,0.5339630842208862,0.554158091545105,-0.004488353617489338,0.47856324911117554,0.5176489949226379,-0.010192896239459515,0.4476501941680908,0.4970190227031708,-0.012832539156079292,0.42379170656204224,0.48296982049942017,-0.0145301204174757,0.549237072467804,0.49754905700683594,-0.011504259891808033,0.49983152747154236,0.4423544108867645,-0.014961511828005314,0.4729771912097931,0.4036489427089691,-0.019800452515482903,0.45391494035720825,0.37368321418762207,-0.023464197292923927,0.5720473527908325,0.4510021507740021,-0.017646722495555878,0.5374922156333923,0.39440011978149414,-0.023331642150878906,0.5187838077545166,0.35462334752082825,-0.030882904306054115,0.505763053894043,0.3259042203426361,-0.03624114766716957,0.5992283821105957,0.41749295592308044,-0.0228738933801651,0.5925444960594177,0.3606846332550049,-0.028759898617863655,0.5891008973121643,0.3260034918785095,-0.03185178339481354,0.5879175662994385,0.297870397567749,-0.03286309167742729,0.1609785109758377,0.6992982029914856,5.125980351294857e-07,0.19121277332305908,0.7326928377151489,-0.02959194779396057,0.22327527403831482,0.752316415309906,-0.04916640371084213,0.2492738962173462,0.7785033583641052,-0.06607209891080856,0.26936233043670654,0.8128005862236023,-0.08292792737483978,0.26183629035949707,0.6449030041694641,-0.039498791098594666,0.3075225353240967,0.6327228546142578,-0.059574924409389496,0.3350042998790741,0.6221916079521179,-0.07365161925554276,0.35644790530204773,0.6135759949684143,-0.08361396193504333,0.250355988740921,0.5910001993179321,-0.03820917010307312,0.29407212138175964,0.5399150848388672,-0.055239077657461166,0.3215354084968567,0.5080002546310425,-0.066663958132267,0.34227001667022705,0.48316627740859985,-0.07436299324035645,0.22770346701145172,0.5589654445648193,-0.03943374380469322,0.2589951157569885,0.49331754446029663,-0.05773778632283211,0.2801936864852905,0.45746055245399475,-0.0704803392291069,0.29765111207962036,0.429991751909256,-0.07854784280061722,0.19858138263225555,0.5476272702217102,-0.04275663569569588,0.1996927261352539,0.4846120774745941,-0.061857808381319046,0.2010263204574585,0.44254070520401,-0.07114426046609879,0.20370270311832428,0.40680909156799316,-0.07606705278158188
0,0.0,0.0,0.0,0.0,0.0,0.0,0.0,0.0,0.0,0.0,0.0,0.0,0.0,0.0,0.0,0.0,0.0,0.0,0.0,0.0,0.0,0.0,0.0,0.0,0.0,0.0,0.0,0.0,0.0,0.0,0.0,0.0,0.0,0.0,0.0,0.0,0.0,0.0,0.0,0.0,0.0,0.0,0.0,0.0,0.0,0.0,0.0,0.0,0.0,0.0,0.0,0.0,0.0,0.0,0.0,0.0,0.0,0.0,0.0,0.0,0.0,0.0,0.0,0.19007191061973572,0.7145315408706665,5.398418920776749e-07,0.22394034266471863,0.7444006204605103,-0.023327529430389404,0.25918713212013245,0.7635273933410645,-0.03884921595454216,0.28647565841674805,0.7958602905273438,-0.05373493954539299,0.3060358166694641,0.8338720798492432,-0.06887244433164597,0.30185914039611816,0.6492552757263184,-0.02313040755689144,0.34571772813796997,0.6340612173080444,-0.0410100556910038,0.3741770088672638,0.6189309358596802,-0.05550530552864075,0.39665889739990234,0.6073817014694214,-0.06566739082336426,0.28999412059783936,0.597448468208313,-0.024489255622029305,0.33051708340644836,0.5466164350509644,-0.0394061841070652,0.35924339294433594,0.514975905418396,-0.051815908402204514,0.3811289966106415,0.49140745401382446,-0.05988635495305061,0.26697078347206116,0.567089319229126,-0.028726624324917793,0.29615840315818787,0.5045968294143677,-0.04504528269171715,0.3154641091823578,0.4656870365142822,-0.05902237445116043,0.33177450299263,0.4355583190917969,-0.06755644828081131,0.23692815005779266,0.5587072372436523,-0.03492460772395134,0.23722366988658905,0.4943167567253113,-0.052760932594537735,0.237153097987175,0.4480980634689331,-0.06225118786096573,0.23897452652454376,0.40872520208358765,-0.06675596535205841
